label,f0,f1,f2,f3,f4,f5,f6,f7,f8,f9,f10,f11,f12,f13,f14,f15,f16,f17,f18,f19,f20,f21,f22,f23,f24,f25,f26,f27,f28,f29,f30,f31,f32,f33,f34,f35,f36,f37,f38,f39,f40,f41,f42,f43,f44,f45,f46,f47,f48,f49,f50,f51,f52,f53,f54,f55,f56,f57,f58,f59,f60,f61,f62
E,0.0,0.0,0.0,0.14527595043182373,-0.053168654441833496,-0.13253543784843203,0.20572960376739502,-0.13544493913650513,-0.2087778698466849,0.15383553504943848,-0.21249175071716309,-0.2780843030475211,0.04525810480117798,-0.25762367248535156,-0.3361993979476523,0.18219465017318726,-0.32399484515190125,-0.0513844217918944,0.1995602250099182,-0.4253107011318207,-0.1762727748416495,0.19640815258026123,-0.3291638195514679,-0.2659391712211203,0.1880820393562317,-0.24807500839233398,-0.30775257458911653,0.09021741151809692,-0.326745867729187,-0.03351455813275095,0.10071748495101929,-0.4799036681652069,-0.16830773165450807,0.10594350099563599,-0.36523136496543884,-0.24812097361312624,0.1052393913269043,-0.2851506769657135,-0.27189144006000276,-0.0025382637977600098,-0.3170706629753113,-0.039157002028090915,-0.0007585287094116211,-0.44345369935035706,-0.16254068424926515,0.02284860610961914,-0.33807486295700073,-0.20035071184859987,0.024311542510986328,-0.26045674085617065,-0.19319617262111421,-0.09605994820594788,-0.29846441745758057,-0.0553127106093001,-0.07618981599807739,-0.37707287073135376,-0.12571928909049745,-0.05148816108703613,-0.30420511960983276,-0.13777420928703066,-0.049363791942596436,-0.24495929479599,-0.13053567221389528
E,0.0,0.0,0.0,0.13423973321914673,-0.059378623962402344,-0.07088455035238894,0.21230149269104004,-0.16625189781188965,-0.10614302231817874,0.1169896125793457,-0.23939728736877441,-0.13648601843863162,-0.0013979077339172363,-0.23883497714996338,-0.15899365617781314,0.1688706874847412,-0.33320578932762146,-0.03168218060284289,0.1863034963607788,-0.44876980781555176,-0.10474176927357348,0.19005751609802246,-0.3650692105293274,-0.15707665159254702,0.17947310209274292,-0.2880488634109497,-0.18015828206091555,0.07472622394561768,-0.3453872501850128,-0.027622919891769016,0.08693218231201172,-0.4987627863883972,-0.09936037882118853,0.1050107479095459,-0.3964826464653015,-0.13810148312597903,0.10107111930847168,-0.3129972815513611,-0.14650275780707034,-0.015508294105529785,-0.33733931183815,-0.03565755336433085,-0.011661291122436523,-0.4638727307319641,-0.10206771864443454,0.02321600914001465,-0.36050155758857727,-0.11034718378334674,0.02601444721221924,-0.28679972887039185,-0.09700547381191882,-0.10787978768348694,-0.3103159964084625,-0.049713118363911235,-0.08650410175323486,-0.39458829164505005,-0.0847081415250841,-0.05159461498260498,-0.3236870765686035,-0.07253341599255236,-0.049118220806121826,-0.26702791452407837,-0.05400950311570796
E,0.0,0.0,0.0,0.1325584053993225,-0.04592156410217285,-0.0792251161000479,0.21301817893981934,-0.1513940691947937,-0.11972807409975417,0.11987549066543579,-0.2284327745437622,-0.15471553119633086,0.002124011516571045,-0.24088329076766968,-0.180691458906864,0.16724902391433716,-0.3185116648674011,-0.029878248151277376,0.18223440647125244,-0.42134571075439453,-0.11133398177835829,0.18651646375656128,-0.33696866035461426,-0.1666778406760443,0.17571526765823364,-0.2584664821624756,-0.1891259631774176,0.07633119821548462,-0.33395397663116455,-0.021025458972786737,0.08809733390808105,-0.47373059391975403,-0.100924313690399,0.099479079246521,-0.37409207224845886,-0.13976142617676146,0.09121352434158325,-0.29193657636642456,-0.1441379419228781,-0.011675834655761719,-0.328651487827301,-0.026432520400618387,-0.0113983154296875,-0.4531764090061188,-0.09901574316236861,0.013621747493743896,-0.3520417809486389,-0.10177142235252745,0.01251518726348877,-0.2791292667388916,-0.08175464781734831,-0.10487237572669983,-0.30545976758003235,-0.03864143851015456,-0.08486342430114746,-0.3810996413230896,-0.0794997743031729,-0.0578385591506958,-0.31177839636802673,-0.06736939462635405,-0.05580294132232666,-0.25821906328201294,-0.04584725635859854
E,0.0,0.0,0.0,0.12857180833816528,-0.04105818271636963,-0.07680457655403927,0.21370649337768555,-0.14496201276779175,-0.11284789267990902,0.14914649724960327,-0.20943230390548706,-0.1427636427066119,0.04211080074310303,-0.20486563444137573,-0.16455310408089474,0.1577940583229065,-0.31134462356567383,-0.03723222587321118,0.17669272422790527,-0.41731929779052734,-0.11052447382424191,0.18277490139007568,-0.3316415846347809,-0.15694981638405636,0.17295461893081665,-0.2622649669647217,-0.1749672127148898,0.06830382347106934,-0.31921711564064026,-0.029291289039591106,0.08513706922531128,-0.4647100567817688,-0.10239506337855175,0.10196906328201294,-0.36146366596221924,-0.13667969230625943,0.09096252918243408,-0.28414326906204224,-0.13993875507328823,-0.01880025863647461,-0.3113585114479065,-0.03420289430830792,-0.014107108116149902,-0.4397966265678406,-0.1025027242681773,0.02009660005569458,-0.340040385723114,-0.10889314685080365,0.018575549125671387,-0.2695270776748657,-0.09255219075892285,-0.10893148183822632,-0.28777408599853516,-0.045179685690143856,-0.09536534547805786,-0.37713053822517395,-0.08282805059168652,-0.05690866708755493,-0.3131227195262909,-0.07298295769903973,-0.05267125368118286,-0.25829893350601196,-0.05470014561031178
E,0.0,0.0,0.0,0.1562606692314148,-0.05899941921234131,-0.08329139422100695,0.22410231828689575,-0.15391945838928223,-0.11861419449967059,0.1465892791748047,-0.21877866983413696,-0.15229002158564242,0.035861074924468994,-0.22429823875427246,-0.1741874269716135,0.17678523063659668,-0.31651195883750916,0.025176169765771306,0.19862252473831177,-0.41846391558647156,-0.06531591485661181,0.20369869470596313,-0.33152109384536743,-0.1377392611972681,0.19462722539901733,-0.25621867179870605,-0.1703864983789316,0.08721351623535156,-0.32078948616981506,0.03254232783395139,0.10361278057098389,-0.46112653613090515,-0.06642187158983859,0.11772400140762329,-0.3612350821495056,-0.13740055780333194,0.11264371871948242,-0.2884310781955719,-0.16024078946036013,-0.0015448331832885742,-0.3163295388221741,0.019537494001568234,0.0049163103103637695,-0.43965789675712585,-0.07463264982622775,0.034679532051086426,-0.34504595398902893,-0.11458182107132586,0.03437310457229614,-0.27621978521347046,-0.11388715873879107,-0.08948683738708496,-0.30202654004096985,-0.00020107517018175258,-0.06996071338653564,-0.37224888801574707,-0.0517431363038412,-0.043597638607025146,-0.30619603395462036,-0.06276169936579379,-0.04065138101577759,-0.2559000849723816,-0.05724600102227839
E,0.0,0.0,0.0,0.13226580619812012,-0.056765735149383545,-0.06166255482901306,0.21620357036590576,-0.16005390882492065,-0.08815889814366074,0.1502927541732788,-0.23899608850479126,-0.11170355984438629,0.04754817485809326,-0.2557404637336731,-0.12609095880259247,0.15901458263397217,-0.3218914568424225,-0.009676965041649055,0.18170380592346191,-0.4376949667930603,-0.07527473577727051,0.18874382972717285,-0.3478085398674011,-0.12297389665116043,0.17730295658111572,-0.2736892104148865,-0.14392395326365204,0.07521802186965942,-0.33501318097114563,-0.0044955099882599825,0.09108036756515503,-0.4828251004219055,-0.06351528325546951,0.10665208101272583,-0.38039475679397583,-0.09643556931484909,0.09546023607254028,-0.3044598698616028,-0.10386068382729263,-0.007432520389556885,-0.32907307147979736,-0.011487099430155467,-0.003934800624847412,-0.46302172541618347,-0.06815152624119492,0.025404393672943115,-0.36296501755714417,-0.06972979763020248,0.019360363483428955,-0.288994699716568,-0.0546378419684288,-0.09692603349685669,-0.30412018299102783,-0.023924186913859558,-0.07655459642410278,-0.3944854140281677,-0.05537407854069443,-0.0433468222618103,-0.3278157114982605,-0.041810449300896835,-0.04277104139328003,-0.27052295207977295,-0.022634577094208908
E,0.0,0.0,0.0,0.14565104246139526,-0.05861806869506836,-0.09037553967510803,0.2140926718711853,-0.15327346324920654,-0.1318400547054921,0.13202285766601562,-0.22628694772720337,-0.16820081026827438,0.024881184101104736,-0.24598050117492676,-0.19546686561380966,0.16719424724578857,-0.30985087156295776,0.0017935949696834541,0.18235266208648682,-0.41322576999664307,-0.0800463676599179,0.18899798393249512,-0.3460959494113922,-0.1467498287705098,0.18392419815063477,-0.27389830350875854,-0.17751257570063217,0.07723617553710938,-0.3184524178504944,0.01624111010158913,0.08966439962387085,-0.4600498676300049,-0.07199391426121338,0.10598915815353394,-0.3766358494758606,-0.13620824070250137,0.10242271423339844,-0.30079835653305054,-0.15734629781519516,-0.008897244930267334,-0.3138006031513214,0.012712660417207644,-0.006645381450653076,-0.4342009127140045,-0.0717746585754071,0.02402317523956299,-0.34993404150009155,-0.10591637791668518,0.026150822639465332,-0.2795157730579376,-0.10455532820498092,-0.09694886207580566,-0.29694750905036926,0.0022214440948005176,-0.079154372215271,-0.3709149658679962,-0.0467604257312928,-0.05037236213684082,-0.30829334259033203,-0.054784183218828275,-0.04478144645690918,-0.2550198435783386,-0.04781270475660904
E,0.0,0.0,0.0,0.1268710494041443,-0.048189401626586914,-0.04839548536708094,0.21393001079559326,-0.15627741813659668,-0.06981389665176607,0.14197200536727905,-0.23082804679870605,-0.08893615448047854,0.0303952693939209,-0.22376704216003418,-0.1028861522035811,0.15430110692977905,-0.3145929276943207,-0.017431317578456174,0.17296373844146729,-0.4328785836696625,-0.07180803709795214,0.18574732542037964,-0.3592163324356079,-0.10917614095976091,0.17496848106384277,-0.2854444086551666,-0.12338127636482454,0.06667542457580566,-0.32720622420310974,-0.017215869139334927,0.07947337627410889,-0.4786829352378845,-0.06400844150354601,0.10197556018829346,-0.3900899887084961,-0.08867142790128923,0.0928003191947937,-0.31015345454216003,-0.0919715210156653,-0.018319427967071533,-0.3201380670070648,-0.025732868100902806,-0.0167386531829834,-0.4558233618736267,-0.07109036737253405,0.018954753875732422,-0.36270204186439514,-0.0705462663727019,0.01834237575531006,-0.28970882296562195,-0.056105051870844136,-0.10993295907974243,-0.29434311389923096,-0.038355377252599965,-0.09365016222000122,-0.39037421345710754,-0.06428978287746645,-0.05745887756347656,-0.3260365128517151,-0.048310571100017796,-0.053893446922302246,-0.26680517196655273,-0.02848009460737444
E,0.0,0.0,0.0,0.13916301727294922,-0.05460304021835327,-0.08774779992719761,0.21381378173828125,-0.1564818024635315,-0.13533994066139332,0.13490939140319824,-0.22102022171020508,-0.1779507498683559,0.019994497299194336,-0.20984649658203125,-0.21172752487083546,0.15940344333648682,-0.3235797584056854,-0.026003951901398814,0.1782926321029663,-0.4240875244140625,-0.10993813979049794,0.1869489550590515,-0.3409108817577362,-0.16941852378269306,0.17483758926391602,-0.26150238513946533,-0.19394932197948567,0.0694839358329773,-0.3312693238258362,-0.015596665205262816,0.0824509859085083,-0.4728834927082062,-0.0995009641589748,0.10093814134597778,-0.37172359228134155,-0.143432224863969,0.09327644109725952,-0.2909429669380188,-0.1505491535606014,-0.01870858669281006,-0.32328173518180847,-0.02146197366138569,-0.01456671953201294,-0.4510669708251953,-0.09803305076976887,0.019782066345214844,-0.35459965467453003,-0.10916260140558354,0.018330037593841553,-0.2815994322299957,-0.09363703685423008,-0.11176785826683044,-0.3020533323287964,-0.03502573701163403,-0.08877748250961304,-0.38374072313308716,-0.0766067157926189,-0.05449932813644409,-0.3163716495037079,-0.06898733484169117,-0.05162745714187622,-0.2607232332229614,-0.05129440384527317
E,0.0,0.0,0.0,0.14674341678619385,-0.05383843183517456,-0.0954870280446869,0.21930736303329468,-0.14704233407974243,-0.14316706327818451,0.1529107689857483,-0.2175140380859375,-0.18576170472525178,0.04536324739456177,-0.2450823187828064,-0.21840928463362275,0.16354745626449585,-0.3135661780834198,-0.028543451485262494,0.19112628698349,-0.4289918541908264,-0.12246762929581223,0.19645994901657104,-0.3382115960121155,-0.18781071869753418,0.18493682146072388,-0.2618732452392578,-0.21588753132246552,0.07903611660003662,-0.3215517997741699,-0.016830373239741903,0.10036438703536987,-0.4782022535800934,-0.11341238735340653,0.11322927474975586,-0.3698117733001709,-0.16877816585920868,0.10077452659606934,-0.2897941470146179,-0.1824640777530533,-0.0067626237869262695,-0.31604230403900146,-0.022857691776977163,0.000578761100769043,-0.45322173833847046,-0.11296767709873734,0.029529809951782227,-0.34670987725257874,-0.13161347774885712,0.021946728229522705,-0.2704222798347473,-0.11894164947889863,-0.1008903980255127,-0.29629087448120117,-0.036464214009271245,-0.07630062103271484,-0.38273465633392334,-0.08753921805046616,-0.04308074712753296,-0.3106696605682373,-0.08562032846830903,-0.04437285661697388,-0.25091320276260376,-0.07111142544172822
E,0.0,0.0,0.0,0.15440738201141357,-0.050568342208862305,-0.119677952471136,0.2240731120109558,-0.1356678605079651,-0.18959528857743635,0.16838020086288452,-0.1958044171333313,-0.2547542815831889,0.05887174606323242,-0.21999365091323853,-0.31026566678559675,0.16671818494796753,-0.31646183133125305,-0.04106548705971136,0.19389772415161133,-0.41281262040138245,-0.16421150321042433,0.20299559831619263,-0.3300156593322754,-0.2544200485376109,0.1935458779335022,-0.2517006993293762,-0.2961075668958415,0.07989132404327393,-0.3166942596435547,-0.029982286485790155,0.10260951519012451,-0.4642738699913025,-0.16236760372197523,0.11705803871154785,-0.36067816615104675,-0.24433537477528944,0.10835283994674683,-0.281072735786438,-0.2702223425534953,-0.008698225021362305,-0.3086733818054199,-0.04136530959880247,0.003483712673187256,-0.43567565083503723,-0.16357005292451277,0.03418618440628052,-0.3372606039047241,-0.2066838061240901,0.028277814388275146,-0.26096153259277344,-0.20348486954247846,-0.10097289085388184,-0.2950674295425415,-0.062047856840251825,-0.07169508934020996,-0.3694029450416565,-0.13504566902196302,-0.03832811117172241,-0.3020734190940857,-0.1510393684533824,-0.03895068168640137,-0.24486517906188965,-0.14635137373483076
E,0.0,0.0,0.0,0.15143650770187378,-0.0350031852722168,-0.1519802615818353,0.225091814994812,-0.11676710844039917,-0.250438402670321,0.16029709577560425,-0.16369575262069702,-0.3384259150204034,0.037204623222351074,-0.17012834548950195,-0.41582567550509886,0.18320101499557495,-0.32142573595046997,-0.11152053930133299,0.20611071586608887,-0.4090895354747772,-0.26425937868922666,0.20990341901779175,-0.3034936785697937,-0.3675426647838922,0.20451068878173828,-0.23060506582260132,-0.4174596772369714,0.09127223491668701,-0.3194469213485718,-0.09423610873788313,0.11532086133956909,-0.46126729249954224,-0.2633519873794885,0.12242615222930908,-0.3403201699256897,-0.35246176578372435,0.11291074752807617,-0.2693882882595062,-0.3791376755413385,-0.001682281494140625,-0.309731125831604,-0.09998021580546812,0.010229527950286865,-0.4341084659099579,-0.2467935190376611,0.03516185283660889,-0.3257521092891693,-0.2852462039169641,0.028073251247406006,-0.2528565526008606,-0.27628652312129454,-0.09851360321044922,-0.2961103320121765,-0.11739211835235075,-0.0697181224822998,-0.36329516768455505,-0.20205568827956633,-0.04205620288848877,-0.29036644101142883,-0.2172786996540399,-0.046811044216156006,-0.2390650510787964,-0.21163700081675962
E,0.0,0.0,0.0,-0.02584683895111084,-0.034529924392700195,-0.22495497425234845,-0.00019979476928710938,-0.10848456621170044,-0.35587542911208203,0.10341304540634155,-0.16879487037658691,-0.46310621162093213,0.19888067245483398,-0.1990101933479309,-0.5582109953943544,-0.11223873496055603,-0.32095867395401,-0.17874283750689557,-0.0732148289680481,-0.44880691170692444,-0.3249975707117372,-0.05373126268386841,-0.35598644614219666,-0.423859980303412,-0.04535019397735596,-0.2698412537574768,-0.47500458021796277,-0.02885901927947998,-0.3524928689002991,-0.12147091736233762,0.008530616760253906,-0.5215781331062317,-0.2754398848596864,0.04157322645187378,-0.40263304114341736,-0.3544854487959199,0.03558623790740967,-0.3221287727355957,-0.3808873560015016,0.05145746469497681,-0.36652880907058716,-0.09269641746914914,0.07974225282669067,-0.5187574625015259,-0.2241471376005464,0.09697598218917847,-0.4096425771713257,-0.26548665424025586,0.07823306322097778,-0.3302024006843567,-0.2667557563368135,0.12263059616088867,-0.3741960823535919,-0.08257173408902219,0.15592795610427856,-0.4698426425457001,-0.1580859835926347,0.15660250186920166,-0.39679771661758423,-0.18417338689005902,0.13500338792800903,-0.338175505399704,-0.1928827877823167
E,0.0,0.0,0.0,0.16713616251945496,-0.0710303783416748,-0.09287700121352316,0.24781563878059387,-0.19039136171340942,-0.1368745571846688,0.1474723517894745,-0.2860116958618164,-0.17560166184851767,0.017068713903427124,-0.3123599588871002,-0.2024737453932488,0.21428290009498596,-0.3657319247722626,-0.033797134357186565,0.2342430055141449,-0.48749494552612305,-0.14050231938311697,0.20973894000053406,-0.3814975917339325,-0.2184090471739495,0.1907680332660675,-0.3003384470939636,-0.25543032650897146,0.10184791684150696,-0.37199509143829346,-0.03198072006055952,0.1266750991344452,-0.5350178182125092,-0.14211064641425253,0.11990299820899963,-0.4073144197463989,-0.20975500409552694,0.11457821726799011,-0.325409471988678,-0.23391136591384054,-0.0008706152439117432,-0.3694131374359131,-0.04880544235059858,0.005503147840499878,-0.5077462792396545,-0.1510978943581307,0.020491033792495728,-0.379355251789093,-0.1837228692049706,0.02593901753425598,-0.2997899055480957,-0.18032297556349874,-0.10172757506370544,-0.35274818539619446,-0.07312780682990194,-0.0912180244922638,-0.4395892024040222,-0.12230437313267828,-0.06690603494644165,-0.35492390394210815,-0.12327861850211264,-0.056741416454315186,-0.29508644342422485,-0.11414736573645712
E,0.0,0.0,0.0,0.15327101945877075,-0.06909763813018799,-0.0576100944390987,0.23988455533981323,-0.1938169002532959,-0.08500212792665707,0.13661497831344604,-0.30326899886131287,-0.10891846184046017,0.011278092861175537,-0.33601975440979004,-0.12281390641243206,0.1987256407737732,-0.35605746507644653,-0.0262165943941568,0.21883928775787354,-0.48790180683135986,-0.10215568904192196,0.20631802082061768,-0.3795652985572815,-0.15244233224899517,0.19377756118774414,-0.3065195679664612,-0.17538483057529675,0.09644186496734619,-0.3710576295852661,-0.028959728669235574,0.11850476264953613,-0.5389488339424133,-0.09986129019767986,0.12003147602081299,-0.41076046228408813,-0.13024428103477703,0.109749436378479,-0.3338649272918701,-0.13513923798115002,-0.0015212297439575195,-0.3678610622882843,-0.04324508075029598,0.004462063312530518,-0.5116431713104248,-0.11143119994909512,0.02227199077606201,-0.3802477717399597,-0.10571363184959637,0.020816683769226074,-0.3040066361427307,-0.0834601706674789,-0.10582923889160156,-0.34850454330444336,-0.06237041194350468,-0.09144589304924011,-0.44728517532348633,-0.09786925826580273,-0.0623512864112854,-0.3576149642467499,-0.07722160581857906,-0.05658763647079468,-0.29584550857543945,-0.052665173899242745
E,0.0,0.0,0.0,0.1681302785873413,-0.06152498722076416,-0.06009742429054832,0.2631746530532837,-0.17285490036010742,-0.09658215751446342,0.19214004278182983,-0.26946544647216797,-0.13582379182375526,0.057258784770965576,-0.2897261381149292,-0.17058775385416602,0.22651726007461548,-0.3465123772621155,-0.03309023936785316,0.23512238264083862,-0.4814794063568115,-0.12582041879690742,0.2204493284225464,-0.392179012298584,-0.19286463221109962,0.20650768280029297,-0.30249592661857605,-0.228091170988451,0.12016338109970093,-0.3573088049888611,-0.04861038362182235,0.12891381978988647,-0.5261872410774231,-0.1434806938985691,0.1285892128944397,-0.4068164527416229,-0.1954986061672077,0.12323206663131714,-0.31148555874824524,-0.21679156085051154,0.02250388264656067,-0.34659621119499207,-0.0780025776246891,0.016208231449127197,-0.5056340992450714,-0.1658290382245884,0.03367668390274048,-0.3824615478515625,-0.18823411127127265,0.0407223105430603,-0.2879449725151062,-0.18539520164526557,-0.07442456483840942,-0.3196737766265869,-0.11345909347332572,-0.08041292428970337,-0.42944273352622986,-0.16673093100584602,-0.05568289756774902,-0.354216992855072,-0.17342265506781196,-0.03728172183036804,-0.28514885902404785,-0.17070086856878852
E,0.0,0.0,0.0,0.1670476198196411,-0.07109808921813965,-0.08181652424193642,0.2391011118888855,-0.18284064531326294,-0.1213293373332145,0.14767193794250488,-0.2808929681777954,-0.1570770069704177,0.0178682804107666,-0.3042244017124176,-0.18212305751897118,0.20395749807357788,-0.3512246310710907,-0.022116925542128296,0.21239346265792847,-0.4743642210960388,-0.12150522318936607,0.1952318549156189,-0.3747236728668213,-0.19840043035603783,0.1804906129837036,-0.2875334322452545,-0.23505494741059563,0.09507018327713013,-0.356493204832077,-0.020904539127719612,0.11554098129272461,-0.5142113566398621,-0.1188339143738868,0.11207091808319092,-0.39770472049713135,-0.18260946122266075,0.10433173179626465,-0.3131750524044037,-0.20737577227212212,-0.001496344804763794,-0.3516557812690735,-0.036970633988154145,0.0016490817070007324,-0.4963744878768921,-0.1245704740033271,0.015502691268920898,-0.3792950212955475,-0.15238382664777061,0.02134537696838379,-0.2959744334220886,-0.14965673533536217,-0.0972057580947876,-0.3357212543487549,-0.060603056077730866,-0.0916801393032074,-0.42919617891311646,-0.1019370853648307,-0.0695185661315918,-0.35431233048439026,-0.1007776781664016,-0.0571783185005188,-0.29072660207748413,-0.0913571715102317
E,0.0,0.0,0.0,0.15780732035636902,-0.06410825252532959,-0.09420218833855643,0.2312503159046173,-0.17688441276550293,-0.14117549874953284,0.12744084000587463,-0.2721394896507263,-0.1815847209947492,0.0025341808795928955,-0.3046245276927948,-0.21062285223177923,0.203201562166214,-0.34233567118644714,-0.045068935986080305,0.21271178126335144,-0.46276867389678955,-0.15090133764914526,0.1955532729625702,-0.36328205466270447,-0.22511986413172735,0.18380829691886902,-0.285842627286911,-0.2589644841211225,0.09800061583518982,-0.3479161262512207,-0.039880195196190016,0.11192426085472107,-0.5072886347770691,-0.15082946934870733,0.11039921641349792,-0.3923253118991852,-0.21367037811450018,0.10480400919914246,-0.31241753697395325,-0.23318721869162573,0.0009458959102630615,-0.34461188316345215,-0.052333065803566114,0.001059412956237793,-0.4795464277267456,-0.15508498766592993,0.01760759949684143,-0.3644474148750305,-0.18228896477393164,0.020988494157791138,-0.28827857971191406,-0.17422408380679144,-0.09610795974731445,-0.33005672693252563,-0.07220761993102087,-0.08706173300743103,-0.416459321975708,-0.12591957070998205,-0.06289193034172058,-0.3385399580001831,-0.12660497942141546,-0.05685707926750183,-0.2783327102661133,-0.1149512878911878
E,0.0,0.0,0.0,0.1425626277923584,-0.06859099864959717,-0.06337402539402603,0.21671432256698608,-0.17891931533813477,-0.08938409166485428,0.11919713020324707,-0.2592146396636963,-0.11138701217323899,-0.0015740394592285156,-0.2630012035369873,-0.12524107622057556,0.17545074224472046,-0.33868956565856934,-0.0086299345091021,0.1914130449295044,-0.4537642002105713,-0.07558350788504242,0.18276995420455933,-0.3656465709209442,-0.1241079695716536,0.17158997058868408,-0.2934986650943756,-0.14492561446577668,0.07812458276748657,-0.3544161915779114,-0.004692363665256494,0.09575903415679932,-0.5009189248085022,-0.07089608686119675,0.09367233514785767,-0.38948050141334534,-0.1072436027422583,0.08361613750457764,-0.3086007833480835,-0.11341438220888733,-0.015381276607513428,-0.34921014308929443,-0.013351214696470493,-0.012229442596435547,-0.4803053140640259,-0.07673539744764923,0.0005405545234680176,-0.37158602476119995,-0.0835222430720961,-0.0023251771926879883,-0.29521429538726807,-0.067495433260504,-0.11336055397987366,-0.32334059476852417,-0.027032389883700603,-0.10454854369163513,-0.4175139367580414,-0.05862622859031319,-0.07985493540763855,-0.34500253200531006,-0.04380584659129738,-0.07440939545631409,-0.28393998742103577,-0.021847089399400943
E,0.0,0.0,0.0,0.158677875995636,-0.059587180614471436,-0.08152703778998216,0.2287575602531433,-0.1597275733947754,-0.1236254556681331,0.141301691532135,-0.23467165231704712,-0.16430669861094316,0.014618396759033203,-0.23922395706176758,-0.19591802196757158,0.18072926998138428,-0.3176022469997406,-0.01605329128162225,0.20146065950393677,-0.43691861629486084,-0.11931004958407243,0.19020164012908936,-0.3487856984138489,-0.19785818295733293,0.1733717918395996,-0.26746290922164917,-0.23359055655257066,0.08147478103637695,-0.3170294761657715,-0.01746228175417741,0.1032724380493164,-0.47551193833351135,-0.12709432678477128,0.10728240013122559,-0.37065136432647705,-0.20064548986212571,0.09914112091064453,-0.28609099984169006,-0.22681492405192216,-0.008986294269561768,-0.31055939197540283,-0.036375468840759595,-0.0035677552223205566,-0.4537009596824646,-0.1381145550514873,0.013690650463104248,-0.35032638907432556,-0.17813744979159196,0.013239800930023193,-0.26858973503112793,-0.17723502056853135,-0.09957444667816162,-0.2975369393825531,-0.06155712740675767,-0.08898782730102539,-0.3906780481338501,-0.1144425554777797,-0.0688176155090332,-0.323074072599411,-0.1202828197385486,-0.06447994709014893,-0.2593303918838501,-0.11160476343886216
E,0.0,0.0,0.0,0.14234179258346558,-0.05512285232543945,-0.0834568772762907,0.21466153860092163,-0.15715795755386353,-0.1252509538382185,0.12271034717559814,-0.23615974187850952,-0.16070746223627452,0.0027943849563598633,-0.23728400468826294,-0.19243383745848064,0.1718793511390686,-0.3029400408267975,-0.04726960475741748,0.1859000325202942,-0.4201781153678894,-0.1256779168099058,0.19121712446212769,-0.3735063672065735,-0.18621313910185222,0.18609744310379028,-0.29889214038848877,-0.2145744595974577,0.07712823152542114,-0.31826773285865784,-0.0390947345942152,0.10477215051651001,-0.46337997913360596,-0.11497058312593822,0.11096596717834473,-0.4007049798965454,-0.1652580533474577,0.09601801633834839,-0.3153845965862274,-0.18340234796701793,-0.010468780994415283,-0.3137442469596863,-0.044274877414096636,-0.0033705830574035645,-0.450766384601593,-0.11689731816946392,0.014452755451202393,-0.37724047899246216,-0.14349671046434764,0.015337109565734863,-0.2941854000091553,-0.14252309839426403,-0.10177519917488098,-0.29076236486434937,-0.05618413130937938,-0.09513849020004272,-0.38543832302093506,-0.10138073901831035,-0.06961017847061157,-0.33497166633605957,-0.10518675635753993,-0.06252521276473999,-0.2682589888572693,-0.09762555699049358
E,0.0,0.0,0.0,0.13913339376449585,-0.06675541400909424,-0.0578312616763359,0.20974653959274292,-0.17339766025543213,-0.07878296486713943,0.11886245012283325,-0.24850362539291382,-0.09643298796989974,0.003765106201171875,-0.2484365701675415,-0.11037257723190841,0.1654948592185974,-0.322622686624527,-0.007072658181721536,0.17278826236724854,-0.4353286325931549,-0.06614993922092971,0.17921143770217896,-0.37925848364830017,-0.11368313841202315,0.17741936445236206,-0.31158876419067383,-0.1354486089167839,0.07323718070983887,-0.3384472131729126,-0.004747047924036352,0.08945369720458984,-0.48318004608154297,-0.057062834870601264,0.0959930419921875,-0.4029979407787323,-0.0941837619958168,0.08618032932281494,-0.322968989610672,-0.10551003031113204,-0.016235053539276123,-0.3331254720687866,-0.013769195784414379,-0.015003323554992676,-0.45951682329177856,-0.06941283158638534,-0.001423478126525879,-0.3631628751754761,-0.08277973197081145,-0.0034794211387634277,-0.28588056564331055,-0.07414391301252898,-0.11143827438354492,-0.30290356278419495,-0.02720943316497859,-0.11028075218200684,-0.4016215205192566,-0.06049958653428611,-0.08068487048149109,-0.3341950476169586,-0.05081862993218955,-0.07095462083816528,-0.2679521441459656,-0.03340102024056968
E,0.0,0.0,0.0,0.1351976990699768,-0.06319403648376465,-0.07764408856053961,0.20493841171264648,-0.1735864281654358,-0.1128446918668331,0.10807359218597412,-0.24831253290176392,-0.14113295196910514,-0.010884702205657959,-0.24115347862243652,-0.16244842230697287,0.16439753770828247,-0.32285207509994507,-0.0296694033535303,0.16797208786010742,-0.42711323499679565,-0.10396533578057898,0.1725568175315857,-0.35768961906433105,-0.15804420530219687,0.17041826248168945,-0.2887853682041168,-0.18187268196960105,0.06996464729309082,-0.33762916922569275,-0.02146705544908656,0.08269685506820679,-0.4738871455192566,-0.09374228983541144,0.09139537811279297,-0.3795226514339447,-0.1345162850560726,0.0828283429145813,-0.29977884888648987,-0.143142567271191,-0.01885885000228882,-0.3318727910518646,-0.0266878858896078,-0.021744906902313232,-0.45312368869781494,-0.09541969119926108,-0.0008258819580078125,-0.3563843071460724,-0.10818950950523032,0.0005109906196594238,-0.282428503036499,-0.09570735811610831,-0.11207708716392517,-0.30578625202178955,-0.038067926907736194,-0.11131402850151062,-0.39228418469429016,-0.07669292508979453,-0.07989844679832458,-0.3274305760860443,-0.06875819831510199,-0.0703597366809845,-0.26577258110046387,-0.05099135383387221
E,0.0,0.0,0.0,0.14611470699310303,-0.053809940814971924,-0.1080133579780238,0.20939332246780396,-0.1589687466621399,-0.16258854792610578,0.11349612474441528,-0.22870492935180664,-0.20773024485603742,-0.0006651878356933594,-0.23201704025268555,-0.24629442022339276,0.16983109712600708,-0.30711600184440613,-0.05262416229740552,0.17881882190704346,-0.4075901210308075,-0.1573867164661067,0.18448317050933838,-0.3513421416282654,-0.23850901053444318,0.18043947219848633,-0.276644766330719,-0.2768528126289027,0.07488679885864258,-0.3161584138870239,-0.038243614148058214,0.09399044513702393,-0.4547867774963379,-0.15043674037949017,0.1023334264755249,-0.37117108702659607,-0.2243992053081172,0.0942680835723877,-0.28476929664611816,-0.24939611182705335,-0.01217961311340332,-0.3112216293811798,-0.0410963222493308,-0.008302628993988037,-0.43028032779693604,-0.14289429412380628,0.013429045677185059,-0.3470664918422699,-0.1838280223418849,0.014580488204956055,-0.2690906226634979,-0.18408240006462506,-0.10238337516784668,-0.2942681908607483,-0.051929343502678194,-0.0940694510936737,-0.3693130910396576,-0.11156195030704907,-0.06520193815231323,-0.31070417165756226,-0.12232191489235333,-0.05717635154724121,-0.24931728839874268,-0.11572847143904141
E,0.0,0.0,0.0,0.14253735542297363,-0.05371546745300293,-0.09226072524771212,0.20462101697921753,-0.15654075145721436,-0.1340083399890375,0.1169661283493042,-0.2247157096862793,-0.16767724548563478,0.006274402141571045,-0.22897833585739136,-0.19704098199591158,0.1602216362953186,-0.3000490963459015,-0.04335715194329737,0.170202374458313,-0.4055444002151489,-0.13416046594366549,0.1806620955467224,-0.3592783808708191,-0.20839389358744143,0.1782780885696411,-0.28639504313468933,-0.24411608968958376,0.06763482093811035,-0.30906346440315247,-0.03169977237567423,0.0869860053062439,-0.4510346055030823,-0.12557517682299135,0.09934663772583008,-0.37847745418548584,-0.19576028679594515,0.09050458669662476,-0.29135560989379883,-0.22391388510450838,-0.0178908109664917,-0.30398792028427124,-0.03454994727954386,-0.01434028148651123,-0.42992305755615234,-0.12201158647522448,0.007512390613555908,-0.35354799032211304,-0.1649594226954889,0.007571995258331299,-0.27297505736351013,-0.17138687466368197,-0.10820549726486206,-0.28492775559425354,-0.04379475061878679,-0.10169145464897156,-0.3719370365142822,-0.09661856983885286,-0.07425269484519958,-0.3187887370586395,-0.10812638645157335,-0.06825542449951172,-0.25392812490463257,-0.10470163022264956
E,0.0,0.0,0.0,0.1313280463218689,-0.05726778507232666,-0.07226286682082517,0.2049078345298767,-0.16177940368652344,-0.10398680570317609,0.11541509628295898,-0.22962170839309692,-0.13060095014764173,0.0023400187492370605,-0.22632837295532227,-0.15096249284936292,0.16020649671554565,-0.308103084564209,-0.015292005080414839,0.16845744848251343,-0.4096810221672058,-0.08672843727065427,0.1713840365409851,-0.3463669419288635,-0.14153832795811994,0.1651400327682495,-0.27238166332244873,-0.1657197237272392,0.06921184062957764,-0.3229862153530121,-0.007417450591606922,0.08255422115325928,-0.4573057293891907,-0.07870972755147321,0.08911460638046265,-0.36712297797203064,-0.12373690905763013,0.08188134431838989,-0.28341829776763916,-0.1351752639074455,-0.017244815826416016,-0.3178648352622986,-0.012730962063802309,-0.019163548946380615,-0.4379936754703522,-0.0782517254610191,0.00015854835510253906,-0.3499012887477875,-0.09478024246884686,0.002821683883666992,-0.2747308611869812,-0.08583320530845029,-0.10883718729019165,-0.2938634753227234,-0.023880949642194338,-0.10404938459396362,-0.3722779154777527,-0.05977612959934575,-0.0753219723701477,-0.3131030797958374,-0.05450268688393933,-0.06448328495025635,-0.25500261783599854,-0.03949231507970197
E,0.0,0.0,0.0,0.1358296275138855,-0.05663454532623291,-0.08038763533561877,0.20400333404541016,-0.16309887170791626,-0.1181176884028261,0.10726892948150635,-0.22755944728851318,-0.14939810167282275,-0.008502423763275146,-0.22223687171936035,-0.17403058539360217,0.1577344536781311,-0.2997724711894989,-0.030756106779271875,0.16711246967315674,-0.4039493501186371,-0.11105242203205279,0.16781795024871826,-0.3380294442176819,-0.16831931303470782,0.1619848608970642,-0.2668636739253998,-0.19273240695923022,0.06558209657669067,-0.3099197447299957,-0.021123688847119126,0.07870060205459595,-0.45154231786727905,-0.10307054798334292,0.08781296014785767,-0.36493319272994995,-0.15035453270404986,0.08340132236480713,-0.2825835645198822,-0.16108490358322314,-0.01892763376235962,-0.3047066926956177,-0.025502870038444314,-0.02019667625427246,-0.42949482798576355,-0.10103744100063494,0.0020615458488464355,-0.3419515788555145,-0.11986667494505099,0.006240367889404297,-0.26908373832702637,-0.1100136024805849,-0.10673221945762634,-0.285404235124588,-0.03600939939945391,-0.10038593411445618,-0.3658732771873474,-0.07901381532877139,-0.06995302438735962,-0.3054346442222595,-0.07683456520765475,-0.05964493751525879,-0.24741679430007935,-0.06278579513757876
E,0.0,0.0,0.0,0.13287442922592163,-0.06768184900283813,-0.04076043439521726,0.20225167274475098,-0.1746101975440979,-0.051731857633733114,0.11245095729827881,-0.23825395107269287,-0.0620032280446523,0.001991748809814453,-0.22542107105255127,-0.067811749106788,0.14870613813400269,-0.2980589270591736,0.01906705352053706,0.15779846906661987,-0.4079107344150543,-0.032108592963361104,0.16378438472747803,-0.3553885221481323,-0.07331852538003858,0.16030627489089966,-0.2875210642814636,-0.09046321285381254,0.060393333435058594,-0.311786413192749,0.01856702456758086,0.07164829969406128,-0.45371589064598083,-0.02859317248179849,0.08117842674255371,-0.37523919343948364,-0.061222969716929754,0.07556098699569702,-0.2940302789211273,-0.06779536528005536,-0.02348989248275757,-0.3075990676879883,0.007550613792098204,-0.02306455373764038,-0.43347758054733276,-0.04077103657140668,-0.003297269344329834,-0.3460792899131775,-0.05024594364180501,-0.001485586166381836,-0.2730357050895691,-0.039171303784989675,-0.11136019229888916,-0.283891886472702,-0.006627595214688142,-0.10607358813285828,-0.3720647394657135,-0.03411855099215444,-0.07805496454238892,-0.31126707792282104,-0.023828453546904882,-0.06864047050476074,-0.253945529460907,-0.00598720384254392
E,0.0,0.0,0.0,0.12616556882858276,-0.06389844417572021,-0.05408888811103729,0.19647914171218872,-0.1707019805908203,-0.0777140905880156,0.10643386840820312,-0.2277241349220276,-0.09902995580665497,-0.0029767751693725586,-0.21974027156829834,-0.11668594682447342,0.14721941947937012,-0.3027975857257843,-0.009649435410720386,0.15525174140930176,-0.40883275866508484,-0.06725873553983597,0.16543567180633545,-0.356202632188797,-0.11353404575817017,0.16226458549499512,-0.2891489863395691,-0.1351416012071791,0.06015908718109131,-0.3165958821773529,-0.007828473465961494,0.07139742374420166,-0.4540387988090515,-0.06273694092265991,0.0855863094329834,-0.379119336605072,-0.10114787274829773,0.07925820350646973,-0.2990831136703491,-0.11314143741361526,-0.022385835647583008,-0.31127604842185974,-0.016062454672974624,-0.023757219314575195,-0.4318046271800995,-0.06911217922202972,0.00036281347274780273,-0.3482050895690918,-0.08360230678550629,0.002016901969909668,-0.2735165059566498,-0.07754543924562363,-0.10929501056671143,-0.28666388988494873,-0.028455182331127205,-0.105022132396698,-0.3683890104293823,-0.061195311489028015,-0.07279157638549805,-0.3106178939342499,-0.05583924928538231,-0.06242305040359497,-0.25306326150894165,-0.042587702515048065
E,0.0,0.0,0.0,0.13002049922943115,-0.06198030710220337,-0.054289372561342475,0.20099139213562012,-0.1643194556236267,-0.07702735990083909,0.10943341255187988,-0.22448021173477173,-0.09738665252722001,-0.003023505210876465,-0.21111714839935303,-0.11437523543632722,0.1504572033882141,-0.29621946811676025,0.0011331567840358048,0.15587520599365234,-0.3970909118652344,-0.05181942313707566,0.1678715944290161,-0.35427725315093994,-0.0965198296288321,0.1693953275680542,-0.28952598571777344,-0.11746546804702973,0.06229370832443237,-0.3101576268672943,0.004058462178491595,0.07285135984420776,-0.4420340657234192,-0.049395879654056785,0.08790874481201172,-0.3742222189903259,-0.08864347070253586,0.0828976035118103,-0.29240188002586365,-0.09984590291774964,-0.020176589488983154,-0.30452749133110046,-0.0035135498436460466,-0.019976258277893066,-0.4201580882072449,-0.05704870998657441,0.0045975446701049805,-0.34202417731285095,-0.07390614032543397,0.006587088108062744,-0.26734256744384766,-0.06800965398348069,-0.10549867153167725,-0.27947327494621277,-0.015169257221586463,-0.0989428162574768,-0.35950547456741333,-0.049728108493454215,-0.06907486915588379,-0.30380913615226746,-0.04599028259313798,-0.05972707271575928,-0.24583905935287476,-0.03256392657554841
E,0.0,0.0,0.0,0.13059192895889282,-0.0637320876121521,-0.0547034243572746,0.19285845756530762,-0.1739901304244995,-0.07688217484245641,0.10600882768630981,-0.2357044219970703,-0.09766396754274709,-0.003094971179962158,-0.2265315055847168,-0.11425430946836812,0.14443159103393555,-0.30519968271255493,0.0008070435506049023,0.1520567536354065,-0.41017675399780273,-0.06436785929689748,0.16382765769958496,-0.3535425662994385,-0.11877959840784413,0.15819096565246582,-0.2821597754955292,-0.14356421553383214,0.058656930923461914,-0.31229931116104126,0.0017035758137460277,0.0663939118385315,-0.45360493659973145,-0.06150862821231229,0.08546537160873413,-0.37874478101730347,-0.11009093248138768,0.0804639458656311,-0.29589834809303284,-0.12744260453472478,-0.023405790328979492,-0.30504417419433594,-0.008971855648258753,-0.024904906749725342,-0.43273380398750305,-0.06906130038986547,0.003559589385986328,-0.3540765047073364,-0.09378491961250646,0.005679011344909668,-0.27752426266670227,-0.09257139884720189,-0.10933887958526611,-0.2826434075832367,-0.02386860796103818,-0.10484075546264648,-0.3727279305458069,-0.05952238538155896,-0.07334870100021362,-0.3166889548301697,-0.06013005846033437,-0.06422644853591919,-0.2557513117790222,-0.050791180365184374
E,0.0,0.0,0.0,0.11945867538452148,-0.06111621856689453,-0.03171338422595227,0.19196021556854248,-0.1713539958000183,-0.04138263969122136,0.10595810413360596,-0.2394564151763916,-0.051031670555460096,-0.0010009407997131348,-0.23160243034362793,-0.05661210699378216,0.1419728398323059,-0.30131858587265015,0.010575467698288321,0.14704304933547974,-0.40502381324768066,-0.03266725225745404,0.15565836429595947,-0.34574198722839355,-0.0672718538194772,0.15258699655532837,-0.2821459174156189,-0.0827483935505029,0.05549478530883789,-0.3155269920825958,0.006356580160570502,0.06252562999725342,-0.4484547972679138,-0.029882748633610845,0.07743251323699951,-0.3712347745895386,-0.05262855349479878,0.07252788543701172,-0.2989470958709717,-0.057017988547670484,-0.026162147521972656,-0.3092242479324341,-0.00593882102890575,-0.029092073440551758,-0.4298485815525055,-0.042606982424842954,-0.005068361759185791,-0.34732696413993835,-0.04305678142605984,-0.004074811935424805,-0.2822084426879883,-0.03102406954764092,-0.11220413446426392,-0.283347487449646,-0.02106482817231381,-0.10767149925231934,-0.36936721205711365,-0.04212333543597424,-0.07802021503448486,-0.3114340305328369,-0.027263010874378324,-0.06938934326171875,-0.2598720192909241,-0.00875830000637734
E,0.0,0.0,0.0,0.11539751291275024,-0.0489581823348999,-0.025184436799378318,0.19177395105361938,-0.15386664867401123,-0.031216680170388145,0.12026286125183105,-0.22423475980758667,-0.03836743822822086,0.02301204204559326,-0.22985386848449707,-0.043364203633160514,0.13687503337860107,-0.2853626012802124,0.007544197509645301,0.14360195398330688,-0.3911709785461426,-0.035412508161158485,0.15790635347366333,-0.34590306878089905,-0.06954500740894787,0.15389525890350342,-0.28044742345809937,-0.0835774309051942,0.05256909132003784,-0.3002264201641083,0.001505076787083226,0.06225323677062988,-0.4325002133846283,-0.033420263887734336,0.08067727088928223,-0.3619745373725891,-0.0560200690341901,0.07323473691940308,-0.28558072447776794,-0.060671954513878745,-0.027270257472991943,-0.294992059469223,-0.011413003416151923,-0.02676302194595337,-0.4163638949394226,-0.04719160041341297,-0.002162754535675049,-0.3393569588661194,-0.04917458734044544,-0.003814220428466797,-0.27189332246780396,-0.03893522462377064,-0.1131448745727539,-0.2701921761035919,-0.02615757948288433,-0.1099357008934021,-0.36120355129241943,-0.049826997430415076,-0.07862722873687744,-0.30622223019599915,-0.0373130320621442,-0.07046949863433838,-0.2507099509239197,-0.02013207888731472
E,0.0,0.0,0.0,0.12179464101791382,-0.05499470233917236,-0.057925496721537684,0.1962628960609436,-0.15738928318023682,-0.08133163350251493,0.11774247884750366,-0.22318589687347412,-0.10125676589635191,0.008847534656524658,-0.20721417665481567,-0.11754386919167814,0.13827800750732422,-0.29341307282447815,-0.005911100661279534,0.1484336256980896,-0.3912065923213959,-0.06158994185355482,0.16311436891555786,-0.35409295558929443,-0.10904315161135969,0.15979063510894775,-0.2883426249027252,-0.13056398230222044,0.05420327186584473,-0.3073880672454834,-0.0013309315600338323,0.06493043899536133,-0.43662750720977783,-0.054084469104083155,0.08357512950897217,-0.3712078928947449,-0.09348709183362303,0.07834774255752563,-0.2914736866950989,-0.10551292496350584,-0.024254918098449707,-0.30161169171333313,-0.007395828148247574,-0.025811314582824707,-0.41883188486099243,-0.05621152790811834,0.0025756359100341797,-0.3528522849082947,-0.07436794089701948,0.006141602993011475,-0.28257766366004944,-0.07120847004082975,-0.10646891593933105,-0.27713653445243835,-0.01855966682163057,-0.10019725561141968,-0.3573685586452484,-0.0473336842897254,-0.06827616691589355,-0.31220972537994385,-0.04465760710266409,-0.058113038539886475,-0.2579410672187805,-0.033694152260096644
E,0.0,0.0,0.0,0.11799889802932739,-0.04822707176208496,-0.02891919722416958,0.19587427377700806,-0.1551685929298401,-0.03652586934724411,0.12389564514160156,-0.22615742683410645,-0.04416880530872902,0.022200167179107666,-0.22243928909301758,-0.04786253867307266,0.13523054122924805,-0.28960761427879333,0.00472031340366641,0.15040183067321777,-0.3892219364643097,-0.03844968748846611,0.16510218381881714,-0.332714319229126,-0.07243591321268639,0.1580256223678589,-0.2705104947090149,-0.08771844727554878,0.05353599786758423,-0.3051159977912903,-0.0005872658929746422,0.06833678483963013,-0.43356990814208984,-0.03731094075003227,0.0886983871459961,-0.3540698289871216,-0.059097120143562165,0.07939183712005615,-0.2816687822341919,-0.06337248308220467,-0.023510217666625977,-0.2996712327003479,-0.01314560470738968,-0.021282494068145752,-0.4189453125,-0.0503423712925013,0.0063169002532958984,-0.3416900634765625,-0.052052987344652024,0.0027126669883728027,-0.27808013558387756,-0.041765873856931535,-0.10725986957550049,-0.27526047825813293,-0.028036154411822167,-0.09899967908859253,-0.35775986313819885,-0.05238387880483231,-0.06461906433105469,-0.303947776556015,-0.04122572911539635,-0.057820022106170654,-0.2520192861557007,-0.02550418076673111
E,0.0,0.0,0.0,0.11773353815078735,-0.05723869800567627,-0.03005667636841025,0.18880271911621094,-0.16581296920776367,-0.038307868416602275,0.11009347438812256,-0.23495399951934814,-0.04721766012459483,0.0072470903396606445,-0.22782963514328003,-0.052434552933270595,0.1326906681060791,-0.2967853546142578,0.009024490129952767,0.1431545615196228,-0.402742862701416,-0.035254877533013484,0.1590937376022339,-0.343683660030365,-0.07246557297855105,0.1556524634361267,-0.27542388439178467,-0.08921008976846423,0.050784409046173096,-0.30815204977989197,0.004603291855012515,0.06234043836593628,-0.4452000558376312,-0.03233181359916415,0.08290654420852661,-0.3682040572166443,-0.059165783698851726,0.07590299844741821,-0.29210981726646423,-0.06709246757178988,-0.027348577976226807,-0.30146288871765137,-0.0073296064577945685,-0.027630925178527832,-0.4282390773296356,-0.04213319021015849,0.0006660223007202148,-0.35291144251823425,-0.0479845409348556,0.001004040241241455,-0.28489843010902405,-0.040726483340556285,-0.11149650812149048,-0.27687734365463257,-0.021944799001509807,-0.10742110013961792,-0.36961084604263306,-0.04178253235965457,-0.07489103078842163,-0.3184967041015625,-0.031065397436911724,-0.06536895036697388,-0.262928307056427,-0.016547943006450794
E,0.0,0.0,0.0,0.11724215745925903,-0.04889941215515137,-0.029363363946089294,0.19319307804107666,-0.15474796295166016,-0.034064738044747855,0.12012428045272827,-0.225169837474823,-0.038977848330745246,0.01849144697189331,-0.21822088956832886,-0.040812561253318336,0.13464778661727905,-0.28864067792892456,0.01574754159688041,0.14852285385131836,-0.3879513144493103,-0.02466233257413819,0.16322147846221924,-0.34296292066574097,-0.058231806347379234,0.15850132703781128,-0.28015607595443726,-0.07250125888944581,0.05329263210296631,-0.3050200343132019,0.011633234133711312,0.06565475463867188,-0.43235528469085693,-0.02237295914650872,0.08338165283203125,-0.3595440089702606,-0.046048244426259544,0.07695865631103516,-0.28506991267204285,-0.050735739955911185,-0.023812472820281982,-0.29884007573127747,-0.0003522683631160817,-0.023506581783294678,-0.4175628423690796,-0.03667802546382859,0.002628147602081299,-0.3429165184497833,-0.041643926838645484,0.0030336380004882812,-0.2772894501686096,-0.03242954049468949,-0.10721498727798462,-0.27089816331863403,-0.014765503781148936,-0.10182631015777588,-0.3561185598373413,-0.038657514343270805,-0.06935518980026245,-0.3042926788330078,-0.028494847903260734,-0.05965930223464966,-0.2507200837135315,-0.012628037447342422
E,0.0,0.0,0.0,0.11491125822067261,-0.053588032722473145,-0.04412471037904453,0.18818777799606323,-0.16007739305496216,-0.06483242195646,0.10541462898254395,-0.22329306602478027,-0.08332142513791752,0.0019071698188781738,-0.22247183322906494,-0.09795456659595203,0.13939929008483887,-0.2869907319545746,-0.019828270194928166,0.1468595266342163,-0.3902342915534973,-0.06914392393628788,0.16039937734603882,-0.3336555063724518,-0.10486569535533619,0.15811848640441895,-0.27080225944519043,-0.12047500443259906,0.05538129806518555,-0.30084896087646484,-0.020398703409234997,0.06618726253509521,-0.43195903301239014,-0.06376290601293277,0.08472323417663574,-0.36061400175094604,-0.08742133807937336,0.07706934213638306,-0.2884567081928253,-0.09209651034871769,-0.02290523052215576,-0.2946156859397888,-0.028757034806410786,-0.024302184581756592,-0.41257137060165405,-0.0697234747986002,0.0027142763137817383,-0.33772775530815125,-0.07229895424644184,0.0018321871757507324,-0.2732757329940796,-0.062109432188670155,-0.10530984401702881,-0.2713199853897095,-0.040614376781384465,-0.10352140665054321,-0.3545399010181427,-0.06577752065459919,-0.07014632225036621,-0.30323082208633423,-0.05460294988552761,-0.0623895525932312,-0.2511789798736572,-0.038901350466410634
E,0.0,0.0,0.0,0.1140475869178772,-0.05439084768295288,-0.03733346344223776,0.18835240602493286,-0.16648370027542114,-0.050588199061067485,0.10074025392532349,-0.2294263243675232,-0.0629606145738677,-0.005763828754425049,-0.22477394342422485,-0.07120678306809225,0.13941437005996704,-0.29588082432746887,0.0005115580207615267,0.14745080471038818,-0.3973601460456848,-0.04626633704891958,0.15402305126190186,-0.3396363854408264,-0.08086147637358465,0.14776647090911865,-0.27346712350845337,-0.09534482390871801,0.05451035499572754,-0.3109147548675537,-0.0028261848564312686,0.06469637155532837,-0.44306480884552,-0.04382849962702551,0.07663452625274658,-0.3644772171974182,-0.06669331074944296,0.06994348764419556,-0.2893980145454407,-0.06944011629811087,-0.02502274513244629,-0.3052843511104584,-0.014708968003006362,-0.02797389030456543,-0.42364585399627686,-0.05524253205648222,-0.004967093467712402,-0.34184327721595764,-0.05744474114170828,-0.004708707332611084,-0.27603083848953247,-0.04540780664673605,-0.10933059453964233,-0.280414342880249,-0.029753000599058055,-0.105823814868927,-0.3649236857891083,-0.05460179702630796,-0.07482302188873291,-0.30755728483200073,-0.04239690781822958,-0.06505399942398071,-0.25420087575912476,-0.02492074401369848
E,0.0,0.0,0.0,0.12016838788986206,-0.048143625259399414,-0.0554313818357457,0.1974698305130005,-0.15031903982162476,-0.08061040289621246,0.11679649353027344,-0.20706254243850708,-0.10278546906928909,0.00862741470336914,-0.19162732362747192,-0.12335679031829727,0.1458979845046997,-0.2815834879875183,-0.01862945131878746,0.15695345401763916,-0.377419650554657,-0.06964149422864807,0.1710968017578125,-0.3459131717681885,-0.11326904691676987,0.1701769232749939,-0.28521016240119934,-0.1345596099637021,0.06196713447570801,-0.2971179187297821,-0.014882596246110325,0.07464176416397095,-0.425342321395874,-0.06336070693950546,0.09424537420272827,-0.36858877539634705,-0.10011111296634567,0.08898943662643433,-0.2886143624782562,-0.11280842967252624,-0.0145643949508667,-0.2911590039730072,-0.01960390344183338,-0.0142059326171875,-0.40641891956329346,-0.06518818534831894,0.012522578239440918,-0.3340771794319153,-0.07927852965812576,0.01489037275314331,-0.2595967650413513,-0.07570847965698135,-0.0931214690208435,-0.26579439640045166,-0.02883586198012722,-0.08719325065612793,-0.34284159541130066,-0.05983113594274414,-0.054204344749450684,-0.2915002703666687,-0.05646875597457779,-0.0431552529335022,-0.23377180099487305,-0.04572859503250015
E,0.0,0.0,0.0,0.11457628011703491,-0.05015045404434204,-0.03631421874550256,0.18925046920776367,-0.15311694145202637,-0.04988225872901353,0.11548632383346558,-0.2138393521308899,-0.06258798714068803,0.015527009963989258,-0.21021288633346558,-0.07220583732512864,0.13989776372909546,-0.2782757878303528,-0.005591243480267849,0.1499139666557312,-0.38244113326072693,-0.05057141508248719,0.15825295448303223,-0.33190837502479553,-0.08386671121505174,0.1529286503791809,-0.2675548195838928,-0.0978239956059781,0.05681312084197998,-0.2953992486000061,-0.00838131501612338,0.06992912292480469,-0.425187885761261,-0.04696134428766641,0.080716073513031,-0.351071834564209,-0.06856257046845826,0.07119488716125488,-0.27579718828201294,-0.07119902546790513,-0.021286427974700928,-0.2923884689807892,-0.018807986260327425,-0.021832942962646484,-0.4092681407928467,-0.056602842614921656,7.3909759521484375e-06,-0.3302081525325775,-0.057487636313709345,-0.0010156631469726562,-0.2633713483810425,-0.04577096502569589,-0.10364550352096558,-0.269622266292572,-0.03215948070672425,-0.10122621059417725,-0.35463470220565796,-0.05663291315821084,-0.07107937335968018,-0.29965150356292725,-0.04384411449817094,-0.06302744150161743,-0.24546051025390625,-0.02618608015862378
E,0.0,0.0,0.0,0.11335206031799316,-0.05240929126739502,-0.02972825621762354,0.18948131799697876,-0.14864128828048706,-0.04133019228973467,0.12639349699020386,-0.21416974067687988,-0.053684953651810474,0.03329885005950928,-0.2251480221748352,-0.06359278415837366,0.14480137825012207,-0.28174203634262085,-0.0005008765081413458,0.15424156188964844,-0.3849501311779022,-0.04294481878676493,0.16449487209320068,-0.3319590389728546,-0.07607164239087183,0.15938866138458252,-0.2717318534851074,-0.09130473440089304,0.06416106224060059,-0.2983735501766205,-0.006041156179691143,0.07540082931518555,-0.427074670791626,-0.04236821835436899,0.0895228385925293,-0.35043153166770935,-0.06406792258420069,0.0808095932006836,-0.2804628014564514,-0.06842599814333994,-0.01330500841140747,-0.2934707701206207,-0.01828771834769327,-0.015800416469573975,-0.40748459100723267,-0.05480818828144152,0.008209645748138428,-0.3265669643878937,-0.05429705610075075,0.006977975368499756,-0.26399165391921997,-0.042880952409888096,-0.09764432907104492,-0.2691819667816162,-0.032816425017500706,-0.09543853998184204,-0.35422050952911377,-0.056616723589087314,-0.06412822008132935,-0.296894371509552,-0.04223225643434603,-0.05592912435531616,-0.2449805736541748,-0.02407046598889906
E,0.0,0.0,0.0,0.11831533908843994,-0.04886901378631592,-0.03284486466839098,0.19493955373764038,-0.1476905345916748,-0.03975238362147593,0.12920993566513062,-0.21549957990646362,-0.047369916828415626,0.03174775838851929,-0.21729129552841187,-0.054104299189589256,0.13983702659606934,-0.2748551368713379,0.01373818898753143,0.15331673622131348,-0.3722655177116394,-0.029194394962928527,0.16809874773025513,-0.3522893190383911,-0.0689640686829307,0.1649288535118103,-0.29588383436203003,-0.08756223032071375,0.059936702251434326,-0.29085201025009155,0.010742470716991193,0.0770876407623291,-0.4173368215560913,-0.026854428367755645,0.09284353256225586,-0.368559330701828,-0.05983957731916689,0.08501797914505005,-0.2953680455684662,-0.07180446097447657,-0.016302049160003662,-0.2861126661300659,-0.00022438914277245203,-0.01101917028427124,-0.4040956497192383,-0.038594470264456504,0.009738802909851074,-0.3437111973762512,-0.051950846703789466,0.008211314678192139,-0.2770650386810303,-0.048999075682900184,-0.09996378421783447,-0.26177191734313965,-0.013993215652249091,-0.09300774335861206,-0.3478746712207794,-0.039603997858307594,-0.06371772289276123,-0.3036027252674103,-0.03438603216602587,-0.054362952709198,-0.24867022037506104,-0.022792366238377326
E,0.0,0.0,0.0,0.11089718341827393,-0.041043102741241455,-0.019701819744256,0.19364327192306519,-0.13426542282104492,-0.02473477075650976,0.1441904902458191,-0.20072239637374878,-0.03231727505877302,0.05769944190979004,-0.21379029750823975,-0.0384276228661804,0.14448440074920654,-0.27357542514801025,0.010724208440336724,0.15637809038162231,-0.37115854024887085,-0.02974082144751833,0.16424357891082764,-0.32850760221481323,-0.06143383855774687,0.156760573387146,-0.26719802618026733,-0.07484568456962393,0.06458908319473267,-0.2928353548049927,0.001543180208358308,0.07972294092178345,-0.41754987835884094,-0.032667899381664256,0.0912477970123291,-0.347507119178772,-0.052459375810173015,0.08213412761688232,-0.27512675523757935,-0.05526536504581259,-0.013073921203613281,-0.2877799868583679,-0.013897197198417643,-0.011940479278564453,-0.4030444025993347,-0.05053169826820181,0.008865773677825928,-0.3246496915817261,-0.049059765290763835,0.00800931453704834,-0.2604008913040161,-0.036516504239585856,-0.09810638427734375,-0.2601582407951355,-0.030731120955493907,-0.09146219491958618,-0.341646671295166,-0.0567011105532913,-0.06299275159835815,-0.284304678440094,-0.04319482470705793,-0.05463528633117676,-0.2313479781150818,-0.024988997604992846
E,0.0,0.0,0.0,0.10945796966552734,-0.05038249492645264,-0.02824147153355483,0.18839627504348755,-0.15084892511367798,-0.03841857719876174,0.12335997819900513,-0.20926326513290405,-0.04970308500983123,0.022666513919830322,-0.19347798824310303,-0.058208317641991414,0.13670653104782104,-0.2767879366874695,0.004606471716535054,0.14765703678131104,-0.3780483901500702,-0.038957488869208134,0.16058439016342163,-0.3278592526912689,-0.07167463484861258,0.15404313802719116,-0.2650719881057739,-0.0850933689222515,0.05468183755874634,-0.29392731189727783,-0.0030151933030069245,0.07035624980926514,-0.42219027876853943,-0.04092719513632659,0.08482450246810913,-0.34086811542510986,-0.0614301275060356,0.07377505302429199,-0.2665388584136963,-0.06279740217782859,-0.022923827171325684,-0.28956758975982666,-0.017852452729719914,-0.019454777240753174,-0.40738576650619507,-0.05432016510226134,0.004473507404327393,-0.32626840472221375,-0.05394942421175841,0.0017455220222473145,-0.2625073194503784,-0.04073411334015731,-0.10527247190475464,-0.2646282911300659,-0.035226498876589574,-0.09751659631729126,-0.3488527238368988,-0.056442991976517476,-0.06737333536148071,-0.2935718894004822,-0.04158368814446334,-0.06076139211654663,-0.2422197461128235,-0.022615806345719136
E,0.0,0.0,0.0,0.11217361688613892,-0.04467242956161499,-0.06510499732519825,0.18832463026046753,-0.13815349340438843,-0.09854820983435353,0.13081598281860352,-0.19965076446533203,-0.12806806581045826,0.03773289918899536,-0.20918065309524536,-0.15162456648375233,0.1408039927482605,-0.2870681881904602,-0.029010141808049283,0.15175390243530273,-0.37355247139930725,-0.0991436229827567,0.16109561920166016,-0.30864742398262024,-0.14878839867140492,0.15362906455993652,-0.24656450748443604,-0.17033880071665486,0.05930393934249878,-0.2989824414253235,-0.025655726510541044,0.07301878929138184,-0.4160791337490082,-0.09337828176047047,0.08879494667053223,-0.3287021517753601,-0.12893146889235219,0.0807337760925293,-0.2601500153541565,-0.1364458115580245,-0.020093858242034912,-0.29118090867996216,-0.03387666361357411,-0.018163084983825684,-0.39808350801467896,-0.09627014266277989,0.008729338645935059,-0.31262126564979553,-0.10381241010452946,0.00831139087677002,-0.2503328323364258,-0.09142177419687947,-0.10513204336166382,-0.2671680450439453,-0.04743397476102551,-0.0954849123954773,-0.33702367544174194,-0.08436126874710759,-0.06299299001693726,-0.279930055141449,-0.07704294340635975,-0.05566352605819702,-0.23131060600280762,-0.061305171418444715
E,0.0,0.0,0.0,0.10693877935409546,-0.040887296199798584,-0.029307186578293454,0.18680870532989502,-0.13412129878997803,-0.04142844488181652,0.12804526090621948,-0.19566214084625244,-0.054378272940297734,0.03778809309005737,-0.19868218898773193,-0.06456946765341343,0.13636279106140137,-0.26687657833099365,-0.0043076411568421236,0.14595818519592285,-0.3619796931743622,-0.05162472089089931,0.1557268500328064,-0.3129410445690155,-0.08620087986149372,0.150689959526062,-0.25177812576293945,-0.10071799342789234,0.053924500942230225,-0.2835402488708496,-0.011217712399442803,0.06802785396575928,-0.40689533948898315,-0.05247309242643894,0.0807044506072998,-0.33190077543258667,-0.07325237428106846,0.0719442367553711,-0.25985056161880493,-0.07543699627079548,-0.023362696170806885,-0.2779826521873474,-0.02525579554297508,-0.02231520414352417,-0.3941078782081604,-0.06432487999357761,-0.0004566311836242676,-0.3172149658203125,-0.06270697151579441,-0.00044661760330200195,-0.25346094369888306,-0.0492516401902634,-0.10497194528579712,-0.25258326530456543,-0.041814567495961796,-0.10217982530593872,-0.33040475845336914,-0.06619823162712635,-0.07410931587219238,-0.27981626987457275,-0.053589949359079014,-0.06498062610626221,-0.23105037212371826,-0.036188827802320134
E,0.0,0.0,0.0,0.11487126350402832,-0.044217050075531006,-0.04147646767117408,0.19130176305770874,-0.13970732688903809,-0.06051128548600104,0.12132298946380615,-0.20735669136047363,-0.07861841288425353,0.02416372299194336,-0.21315014362335205,-0.09229486999132064,0.140561044216156,-0.27283960580825806,-0.013128479989546804,0.1535816788673401,-0.37271013855934143,-0.07029531714536574,0.15479117631912231,-0.3144175112247467,-0.11057340172149566,0.14341861009597778,-0.24659967422485352,-0.12759887990571883,0.05903828144073486,-0.2886524200439453,-0.01684330222227004,0.06911003589630127,-0.4147603511810303,-0.07004284677125838,0.07712572813034058,-0.33349311351776123,-0.09625973370887664,0.06986552476882935,-0.25796812772750854,-0.10024208393909362,-0.018566668033599854,-0.28484755754470825,-0.029709313111681013,-0.018366873264312744,-0.40411803126335144,-0.08081916538097289,0.0007619857788085938,-0.32103633880615234,-0.08278854754783538,0.0007810592651367188,-0.25412362813949585,-0.06926899221755889,-0.10069495439529419,-0.2635921239852905,-0.046145105781334905,-0.09296798706054688,-0.3372885286808014,-0.07874925253011611,-0.06566596031188965,-0.2790963053703308,-0.06956798401691344,-0.0579105019569397,-0.2285553216934204,-0.05354497027613547
E,0.0,0.0,0.0,0.10599052906036377,-0.04313468933105469,-0.030126602348460096,0.18388444185256958,-0.13664114475250244,-0.04386914796806707,0.11987435817718506,-0.20449203252792358,-0.05811005361057653,0.02979302406311035,-0.21947252750396729,-0.0683059123871459,0.136907696723938,-0.27415502071380615,-0.005464370787663597,0.147006094455719,-0.3723028302192688,-0.05347880996443166,0.15097969770431519,-0.3158038854598999,-0.08577681608177556,0.14468687772750854,-0.25439661741256714,-0.0989932743427886,0.055387020111083984,-0.2904942035675049,-0.012439956848098177,0.06702452898025513,-0.41378629207611084,-0.055398306768907446,0.07604902982711792,-0.32994258403778076,-0.07275603986956014,0.07049238681793213,-0.2600189447402954,-0.07212873078562154,-0.021830618381500244,-0.28363037109375,-0.02677830584026708,-0.022646307945251465,-0.40086424350738525,-0.06919215149856939,-0.0024663805961608887,-0.3172916769981384,-0.06256863005138769,-0.0010529160499572754,-0.255021333694458,-0.045106279623283285,-0.10477739572525024,-0.2569829225540161,-0.04351291335798635,-0.10436618328094482,-0.3359093964099884,-0.07050662018038167,-0.0757402777671814,-0.27834874391555786,-0.05493409089423551,-0.06466823816299438,-0.2287524938583374,-0.034661854576839346
E,0.0,0.0,0.0,0.10391932725906372,-0.04095602035522461,-0.0327371995795005,0.18425524234771729,-0.1342441439628601,-0.04796888715507919,0.12904196977615356,-0.19738280773162842,-0.06316010317685539,0.04128122329711914,-0.21081507205963135,-0.07492527774455482,0.13534313440322876,-0.2714189291000366,-0.012813855325006784,0.14531952142715454,-0.36817488074302673,-0.06372096053245002,0.1535346508026123,-0.3148535490036011,-0.09877172521235877,0.1483631730079651,-0.25412994623184204,-0.11303358188750678,0.05448406934738159,-0.2866532802581787,-0.019278159727477373,0.068492591381073,-0.41216030716896057,-0.06356637588622505,0.08026444911956787,-0.33823540806770325,-0.08400984517219001,0.07318425178527832,-0.26879996061325073,-0.08575293830516273,-0.023085951805114746,-0.2795368432998657,-0.032947339479946436,-0.022427022457122803,-0.3957555294036865,-0.07545665315272743,-0.0009685754776000977,-0.31872278451919556,-0.07252491674306327,0.00014090538024902344,-0.25659215450286865,-0.05786386913540298,-0.10601574182510376,-0.253126323223114,-0.049148422096990885,-0.10541707277297974,-0.33253756165504456,-0.07608574292542869,-0.07738137245178223,-0.2808678150177002,-0.062193908159756006,-0.0680273175239563,-0.2323119044303894,-0.04339909962298805
E,0.0,0.0,0.0,0.10830807685852051,-0.04986834526062012,-0.04134869153969589,0.1851300597190857,-0.14860332012176514,-0.06093928913944069,0.11194604635238647,-0.21667015552520752,-0.07859493370526138,0.015093028545379639,-0.22453248500823975,-0.09144406344168488,0.1379692554473877,-0.28327417373657227,-0.014685097591808471,0.1460973620414734,-0.38168877363204956,-0.06403798933499161,0.15000426769256592,-0.3217915892601013,-0.09874242867701355,0.14511245489120483,-0.25867217779159546,-0.11378522540800873,0.054801762104034424,-0.29925405979156494,-0.016942632825902137,0.06371098756790161,-0.4248281717300415,-0.06087733383648697,0.07631504535675049,-0.34714874625205994,-0.08230692471735779,0.07297277450561523,-0.27735745906829834,-0.0850045638846666,-0.023339450359344482,-0.29300516843795776,-0.027156708272030983,-0.02592557668685913,-0.4094282388687134,-0.06958512540333572,-0.0030469894409179688,-0.32799988985061646,-0.06805661644213501,0.00022786855697631836,-0.2643316388130188,-0.05452686126702133,-0.10572469234466553,-0.26697397232055664,-0.040788180636099014,-0.10517185926437378,-0.3440946340560913,-0.06770771320336166,-0.07620692253112793,-0.2875479459762573,-0.05505559544437233,-0.06556475162506104,-0.23682576417922974,-0.03731645967238251
E,0.0,0.0,0.0,0.11040371656417847,-0.045193254947662354,-0.05903166438969265,0.18438869714736938,-0.14204245805740356,-0.09124954696329723,0.11095231771469116,-0.2047538161277771,-0.11881472076805721,0.012817442417144775,-0.19894421100616455,-0.14114107098015438,0.1450188159942627,-0.28228259086608887,-0.042709476310335504,0.14855200052261353,-0.37900757789611816,-0.10329591389330517,0.15615755319595337,-0.31906259059906006,-0.1433661570731033,0.15290945768356323,-0.2594122886657715,-0.16079831029804836,0.062205731868743896,-0.29654431343078613,-0.04040010179909359,0.07185804843902588,-0.4219323992729187,-0.09656608756216656,0.08385932445526123,-0.3469337821006775,-0.12208141292961727,0.07707339525222778,-0.27975326776504517,-0.12587726022633206,-0.015690207481384277,-0.2912254333496094,-0.047183494079433785,-0.018442094326019287,-0.40246543288230896,-0.09897086675795208,0.004940629005432129,-0.32202035188674927,-0.10116562898787151,0.0065116286277771,-0.25924545526504517,-0.08855412061842571,-0.09590965509414673,-0.2695121765136719,-0.0589651754084457,-0.09211862087249756,-0.34209978580474854,-0.09020440931948315,-0.06279569864273071,-0.28778523206710815,-0.0801470344844688,-0.05465215444564819,-0.24018371105194092,-0.06426414008768688
E,0.0,0.0,0.0,0.11193430423736572,-0.045345425605773926,-0.06311743819348692,0.18876886367797852,-0.14060157537460327,-0.09649109208218931,0.11939597129821777,-0.20526593923568726,-0.1248063381873834,0.02006387710571289,-0.2006896734237671,-0.14783155285947203,0.14576506614685059,-0.28043919801712036,-0.041896515723394145,0.14779222011566162,-0.3777620494365692,-0.1064621221386659,0.15486574172973633,-0.3179423213005066,-0.1492979463302362,0.15204060077667236,-0.2571156620979309,-0.1678080048524606,0.06446248292922974,-0.29295575618743896,-0.0388753909730184,0.07165074348449707,-0.4186950922012329,-0.10008180999390959,0.08355313539505005,-0.3392098546028137,-0.1289714958631265,0.07917904853820801,-0.27153968811035156,-0.1336290922128427,-0.013249039649963379,-0.28650474548339844,-0.04572623708479284,-0.018854200839996338,-0.398223340511322,-0.10440234207742094,0.003948986530303955,-0.31181198358535767,-0.10891229027144789,0.0073271989822387695,-0.24790722131729126,-0.09599840008847593,-0.09557002782821655,-0.2642136812210083,-0.057664779212402095,-0.09434884786605835,-0.33419400453567505,-0.09567742907636045,-0.06334477663040161,-0.27389514446258545,-0.08826927208535551,-0.05162864923477173,-0.22424674034118652,-0.072799050446676
E,0.0,0.0,0.0,0.11650252342224121,-0.055884718894958496,-0.05980812400018465,0.18283957242965698,-0.15546011924743652,-0.08784256517326128,0.11171478033065796,-0.21229469776153564,-0.11263420074617159,0.010043978691101074,-0.20203477144241333,-0.13288532584344637,0.139309823513031,-0.2840428948402405,-0.014406851636223905,0.14636993408203125,-0.3764282763004303,-0.0795860627237488,0.15611952543258667,-0.3255758285522461,-0.13110101609861147,0.15210175514221191,-0.2603590488433838,-0.15432040780221712,0.05847078561782837,-0.29444533586502075,-0.011965396957450025,0.06900274753570557,-0.4184821844100952,-0.07353128879701387,0.08245128393173218,-0.343852162361145,-0.11347421645557176,0.07675021886825562,-0.26964426040649414,-0.12465629368459474,-0.01851475238800049,-0.2876356840133667,-0.02101201950942766,-0.019224882125854492,-0.40075159072875977,-0.07766044526731264,0.004184246063232422,-0.3255842328071594,-0.09280398874913942,0.0067174434661865234,-0.25989073514938354,-0.08614907055532228,-0.09850293397903442,-0.2636842131614685,-0.03529794528519403,-0.09451603889465332,-0.3380395770072937,-0.06716300188934099,-0.06558036804199219,-0.28658151626586914,-0.062458947444312685,-0.05624258518218994,-0.23538893461227417,-0.04965279265677225
E,0.0,0.0,0.0,0.10748761892318726,-0.05171680450439453,-0.025286212741349345,0.1778554916381836,-0.1513737440109253,-0.03665908443829835,0.11494916677474976,-0.21415722370147705,-0.04916606488725961,0.02402949333190918,-0.22567760944366455,-0.05900165828964532,0.13409972190856934,-0.2779197096824646,-0.002166791996870643,0.14059734344482422,-0.37848255038261414,-0.04771857726476014,0.14722806215286255,-0.3262936472892761,-0.08172268065712274,0.14209210872650146,-0.262367844581604,-0.09627207758924783,0.05438011884689331,-0.29218757152557373,-0.00981289538643182,0.06258434057235718,-0.41775938868522644,-0.04771874490282357,0.07315659523010254,-0.3464162349700928,-0.0682228544642669,0.0672028660774231,-0.2759380340576172,-0.07150781544945062,-0.021199345588684082,-0.2856704592704773,-0.024022933273528224,-0.025051414966583252,-0.3964829444885254,-0.06112144532701791,-0.00474703311920166,-0.32068735361099243,-0.05996863189241708,-0.003306150436401367,-0.25936877727508545,-0.04791081714532197,-0.10041838884353638,-0.2607288956642151,-0.04022005590698541,-0.1018056869506836,-0.33855485916137695,-0.06338301691314996,-0.07470488548278809,-0.28435295820236206,-0.04919050279161752,-0.06542098522186279,-0.23554694652557373,-0.03110963123938859
E,0.0,0.0,0.0,0.10436791181564331,-0.03778243064880371,-0.07296176162330426,0.17694687843322754,-0.12004399299621582,-0.1143345376547984,0.12271708250045776,-0.17974591255187988,-0.15078955051271237,0.026846349239349365,-0.17392462491989136,-0.1829470312294177,0.13636797666549683,-0.25698161125183105,-0.03368862253395832,0.1406828761100769,-0.337554395198822,-0.1004356956180743,0.15502148866653442,-0.31143683195114136,-0.1471576308902911,0.15127509832382202,-0.25538283586502075,-0.16583821830121792,0.055559396743774414,-0.27074915170669556,-0.026688876568954356,0.06379950046539307,-0.38463616371154785,-0.09006999340621746,0.07699054479598999,-0.31885451078414917,-0.1195694943961314,0.07252472639083862,-0.2526448369026184,-0.12077261415092266,-0.0188673734664917,-0.26583677530288696,-0.03200734686819828,-0.018362998962402344,-0.36731040477752686,-0.091790280311983,0.0015981197357177734,-0.2964519262313843,-0.09670282062856472,0.0015211105346679688,-0.23558580875396729,-0.08125868347255505,-0.09734523296356201,-0.2451932430267334,-0.043913389563243754,-0.09399139881134033,-0.30831098556518555,-0.08163036313621319,-0.06747078895568848,-0.25947868824005127,-0.07508185413448132,-0.05812418460845947,-0.21305745840072632,-0.05846788269249714
E,0.0,0.0,0.0,0.1100616455078125,-0.04557240009307861,-0.0688408106572922,0.18076682090759277,-0.13587164878845215,-0.10193496346548159,0.12538301944732666,-0.19294774532318115,-0.13019670695140917,0.03330320119857788,-0.18714767694473267,-0.15405304879024584,0.13857704401016235,-0.2669888138771057,-0.02560909241512377,0.14202207326889038,-0.3521921634674072,-0.09190273433998186,0.1522279977798462,-0.3156163692474365,-0.14184862524345476,0.14792537689208984,-0.25474780797958374,-0.1633753195412453,0.05815857648849487,-0.2807551622390747,-0.018786266074329205,0.06546223163604736,-0.39573410153388977,-0.08360423296764452,0.07578128576278687,-0.33096563816070557,-0.12221639752462465,0.06984603404998779,-0.2584736943244934,-0.13131936043575365,-0.017773985862731934,-0.2754048705101013,-0.024146575108915158,-0.019545793533325195,-0.37671175599098206,-0.08374446034505922,-0.00029659271240234375,-0.31363725662231445,-0.1010235339410599,0.001736283302307129,-0.249578058719635,-0.09501897692754824,-0.09569281339645386,-0.2536510229110718,-0.03544921204522211,-0.09556257724761963,-0.3214552402496338,-0.07126563191488344,-0.07173782587051392,-0.28008896112442017,-0.07171243578270037,-0.0625913143157959,-0.23302215337753296,-0.06173010319545824
E,0.0,0.0,0.0,0.10365700721740723,-0.04717046022415161,-0.039277076907410446,0.17415237426757812,-0.14218425750732422,-0.05528119225050432,0.10274988412857056,-0.19938814640045166,-0.06966241840268594,0.00810694694519043,-0.19752252101898193,-0.08049501124764902,0.12940841913223267,-0.2659332752227783,-0.007942815497472111,0.13623350858688354,-0.35724008083343506,-0.055713221616997544,0.14289367198944092,-0.30809253454208374,-0.09089826438571436,0.13964062929153442,-0.2467958927154541,-0.1054872462525509,0.050031185150146484,-0.2799106240272522,-0.009469066932751957,0.061822474002838135,-0.3978511095046997,-0.05174085143949014,0.06998002529144287,-0.3287067413330078,-0.07629607263947946,0.06415069103240967,-0.2585204243659973,-0.08041061852122766,-0.025022387504577637,-0.27430206537246704,-0.019021781347646538,-0.026150882244110107,-0.3829323649406433,-0.060427073575510803,-0.007685601711273193,-0.311984658241272,-0.06620299462224466,-0.004427611827850342,-0.25034403800964355,-0.05680310372258646,-0.10334259271621704,-0.2491002082824707,-0.03151390720154268,-0.10406255722045898,-0.32399868965148926,-0.05693194661284906,-0.07704788446426392,-0.275166392326355,-0.04783279467369539,-0.06539011001586914,-0.22642242908477783,-0.03258419800545198
E,0.0,0.0,0.0,0.09641331434249878,-0.04202371835708618,-0.04785472154915027,0.17109793424606323,-0.13337576389312744,-0.06989165395795993,0.10684245824813843,-0.19133037328720093,-0.08870392293035678,0.012668907642364502,-0.18648290634155273,-0.103948123756048,0.13325560092926025,-0.2571386694908142,-0.013984982858595174,0.13176697492599487,-0.3410812020301819,-0.058423116806146425,0.1434464454650879,-0.3052929639816284,-0.0907865688234537,0.1469011902809143,-0.2554386258125305,-0.1047941371828287,0.05175870656967163,-0.2751431465148926,-0.011914158242937845,0.05947589874267578,-0.38307738304138184,-0.05393845588266544,0.06860357522964478,-0.3135531544685364,-0.07528249174654178,0.06295603513717651,-0.24893039464950562,-0.07642989605962924,-0.023509979248046875,-0.2712720036506653,-0.018018111589547914,-0.023881852626800537,-0.37114042043685913,-0.059525478634235185,-0.00746077299118042,-0.2977195382118225,-0.060684077444669526,-0.008565306663513184,-0.23878777027130127,-0.04770746827423267,-0.10036998987197876,-0.24751394987106323,-0.027810204777118486,-0.10041087865829468,-0.3178308606147766,-0.05427118018567256,-0.07656329870223999,-0.2693098783493042,-0.04278977960645847,-0.069324791431427,-0.2232191562652588,-0.024968434128162187
E,0.0,0.0,0.0,0.09407460689544678,-0.04373711347579956,-0.0352615983664748,0.16816288232803345,-0.13346028327941895,-0.05050372793076008,0.10372060537338257,-0.19071948528289795,-0.06499268202779263,0.01370096206665039,-0.19348567724227905,-0.07682554512021511,0.1301097869873047,-0.2589567303657532,-0.0026598029743638563,0.13371336460113525,-0.34419190883636475,-0.04547735019323795,0.14450716972351074,-0.30973291397094727,-0.07773259370324581,0.14283311367034912,-0.25415539741516113,-0.09101200937030285,0.05180412530899048,-0.2771274447441101,-0.005554855751967125,0.06263679265975952,-0.3859785199165344,-0.043151252853846245,0.07080072164535522,-0.3176506757736206,-0.06342097460029095,0.06417083740234375,-0.24970781803131104,-0.0645233476042506,-0.021449267864227295,-0.2718798518180847,-0.015823679926967316,-0.021956026554107666,-0.3726379871368408,-0.052926276761269264,-0.005834043025970459,-0.29970961809158325,-0.0534079381704089,-0.005141198635101318,-0.239227294921875,-0.04075243784782856,-0.09860295057296753,-0.24408775568008423,-0.028946428510522537,-0.09935635328292847,-0.3151586651802063,-0.05335480062959164,-0.07400155067443848,-0.26616567373275757,-0.0414273524164912,-0.0638434886932373,-0.21851372718811035,-0.023387663948511772
E,0.0,0.0,0.0,0.10663378238677979,-0.05315524339675903,-0.07931444908956564,0.163860023021698,-0.1446225643157959,-0.12085408832410849,0.09594619274139404,-0.2001550793647766,-0.15613692368845022,0.0014380216598510742,-0.19655746221542358,-0.18353829647878683,0.13597309589385986,-0.2734718322753906,-0.029358717831769354,0.13255876302719116,-0.35458463430404663,-0.10009518380741156,0.13664531707763672,-0.2935929298400879,-0.1469269927916912,0.13275843858718872,-0.23090118169784546,-0.1648664858518032,0.05477917194366455,-0.2823673486709595,-0.017498129266300566,0.05749386548995972,-0.3934563398361206,-0.08617038394788779,0.06395471096038818,-0.3069447875022888,-0.11871924366334952,0.05941128730773926,-0.24181914329528809,-0.12082085128406561,-0.022111475467681885,-0.2746238708496094,-0.01966121349016703,-0.026530563831329346,-0.36969342827796936,-0.08528439815620459,-0.007892489433288574,-0.2905094623565674,-0.09490227069238699,-0.0061283111572265625,-0.2299288511276245,-0.08074883486608542,-0.10108822584152222,-0.253238320350647,-0.028075502472916014,-0.10324609279632568,-0.3186800479888916,-0.06529740359167135,-0.07650572061538696,-0.2679517865180969,-0.060177863794365294,-0.06563246250152588,-0.22026711702346802,-0.04431972022632635
E,0.0,0.0,0.0,0.09989023208618164,-0.05355161428451538,-0.057287783662307135,0.15989398956298828,-0.14472174644470215,-0.08437170211457001,0.08865267038345337,-0.19355261325836182,-0.10788533214710938,-0.003412306308746338,-0.17689663171768188,-0.12554875884436356,0.1265009045600891,-0.26857322454452515,-0.007948726715969912,0.12517911195755005,-0.3558059334754944,-0.06037524838231789,0.1346638798713684,-0.30875933170318604,-0.09925544385098206,0.1312742829322815,-0.24430948495864868,-0.11470444623612153,0.048344969749450684,-0.28052812814712524,-0.0018084760033367786,0.052278339862823486,-0.3909887373447418,-0.048439209649789206,0.059279441833496094,-0.31555914878845215,-0.0749100831546663,0.05248522758483887,-0.24944370985031128,-0.07757756982229935,-0.025557219982147217,-0.2743418216705322,-0.006725420078712574,-0.02825474739074707,-0.36719220876693726,-0.05011640239738213,-0.012950479984283447,-0.2979435920715332,-0.05639324832938897,-0.013483583927154541,-0.2410355806350708,-0.045676932970511785,-0.100993812084198,-0.24962633848190308,-0.016732494647133223,-0.10229265689849854,-0.3154585361480713,-0.03889990721129166,-0.07732456922531128,-0.27154695987701416,-0.028860508764612547,-0.0677829384803772,-0.22813040018081665,-0.012810683178233973
E,0.0,0.0,0.0,0.09276169538497925,-0.04968583583831787,-0.046853034453846476,0.15740835666656494,-0.13841956853866577,-0.06608977045343067,0.09136098623275757,-0.1885533332824707,-0.08277635897920277,0.005013465881347656,-0.18510574102401733,-0.09388755883500721,0.12336111068725586,-0.26455461978912354,0.0005469492292888845,0.12486797571182251,-0.3491760194301605,-0.04560875769183781,0.13169419765472412,-0.30431604385375977,-0.08116827781722691,0.12851852178573608,-0.2438817024230957,-0.09582329417989399,0.045366108417510986,-0.28022366762161255,0.004210600001357534,0.051102519035339355,-0.3849461078643799,-0.03679641585276272,0.05675041675567627,-0.3112054467201233,-0.06171425681040432,0.051523804664611816,-0.24619215726852417,-0.06501317645833637,-0.02795320749282837,-0.2749067544937134,-0.001732171675570271,-0.03170126676559448,-0.3651166558265686,-0.0405646550230756,-0.018078088760375977,-0.295987606048584,-0.04638220246360447,-0.01725834608078003,-0.24015992879867554,-0.03688905637190487,-0.10205936431884766,-0.24819427728652954,-0.011595771344758532,-0.10447573661804199,-0.31300294399261475,-0.03302466373369839,-0.0823165774345398,-0.2691165804862976,-0.023591787251092455,-0.0723615288734436,-0.2261400818824768,-0.008033904875077269
E,0.0,0.0,0.0,0.16041213274002075,-0.0660906434059143,-0.05783708948275823,0.2384752631187439,-0.15772521495819092,-0.10310836691043157,0.167250394821167,-0.23981225490570068,-0.15098159569880742,0.03982776403427124,-0.24231994152069092,-0.19470717567584295,0.2140510082244873,-0.34158235788345337,-0.04287589523575086,0.22247588634490967,-0.45388057827949524,-0.13426559228083867,0.20664942264556885,-0.3542741537094116,-0.2003595884480216,0.1884656548500061,-0.26410216093063354,-0.2352619822659232,0.10502123832702637,-0.34526410698890686,-0.058242572430584616,0.12081009149551392,-0.5000950396060944,-0.15158831137797613,0.12328767776489258,-0.38239821791648865,-0.19637674647948522,0.12012374401092529,-0.2886906862258911,-0.21305823880812902,0.008288443088531494,-0.33116650581359863,-0.08639245289942998,0.005044400691986084,-0.4603520929813385,-0.1718622501530387,0.02907237410545349,-0.34008684754371643,-0.18612559694430608,0.04213038086891174,-0.25049030780792236,-0.17856632727763433,-0.08245241641998291,-0.304752916097641,-0.12052692282578725,-0.08593907952308655,-0.38531729578971863,-0.16912641185900945,-0.06250768899917603,-0.30580660700798035,-0.1669265981354453,-0.0428851842880249,-0.24171173572540283,-0.15857177037379522
E,0.0,0.0,0.0,0.14970827102661133,-0.07717490196228027,-0.09157551465750657,0.21573340892791748,-0.18849951028823853,-0.14030784754277192,0.11374062299728394,-0.2673898935317993,-0.18409398583889924,-0.0014693140983581543,-0.2981973886489868,-0.21779773025036775,0.17997020483016968,-0.35322827100753784,-0.03335321335316621,0.20269453525543213,-0.4676881432533264,-0.13517906157494508,0.18759554624557495,-0.3709486722946167,-0.21087462095738374,0.1743485927581787,-0.2874416708946228,-0.24738623587609254,0.08233344554901123,-0.35729849338531494,-0.029083462564358342,0.099545419216156,-0.517121434211731,-0.13649373142243348,0.10047078132629395,-0.4048754870891571,-0.2025954761934372,0.09797525405883789,-0.32056230306625366,-0.224277008457193,-0.01050826907157898,-0.34611690044403076,-0.041992221159944165,-0.007301777601242065,-0.4674915075302124,-0.14104941873074495,0.01715242862701416,-0.35354411602020264,-0.1667685845327469,0.022192806005477905,-0.2781318426132202,-0.15898771969796144,-0.10427930951118469,-0.31979894638061523,-0.06205851597906076,-0.08815860748291016,-0.3963424861431122,-0.11417434005261384,-0.06070601940155029,-0.3160851299762726,-0.11107341585875474,-0.05547136068344116,-0.25931859016418457,-0.09735411791325532
E,0.0,0.0,0.0,0.15802425146102905,-0.055220961570739746,-0.12626867512366857,0.2209797501564026,-0.15333902835845947,-0.20332126835486974,0.12791579961776733,-0.21796917915344238,-0.27443422893188085,0.008402228355407715,-0.214072585105896,-0.33371945241592016,0.18885469436645508,-0.33129653334617615,-0.05586736420295324,0.19860762357711792,-0.42699524760246277,-0.18942486265800085,0.19503754377365112,-0.34024903178215027,-0.2827923200478324,0.18524420261383057,-0.26197052001953125,-0.3253037534107932,0.08822000026702881,-0.3298301696777344,-0.04752899477384176,0.09900754690170288,-0.47292202711105347,-0.19308765748641576,0.10631591081619263,-0.36349689960479736,-0.2712346217980155,0.10885262489318848,-0.28836819529533386,-0.29142259577415075,-0.005796313285827637,-0.32001253962516785,-0.06349776456258382,-0.00545230507850647,-0.4393945038318634,-0.19197108367583837,0.021736204624176025,-0.34174054861068726,-0.22989063480994787,0.028838932514190674,-0.27401918172836304,-0.222350036298252,-0.09953263401985168,-0.30533358454704285,-0.09055089721582021,-0.08504670858383179,-0.3623564839363098,-0.1607866487850913,-0.057809650897979736,-0.29641416668891907,-0.173384388481594,-0.04868924617767334,-0.2505319118499756,-0.16712619880340185
